productId,GST Rate,fromDate
PB0001,TAX_SLAB_5,2001-05-13 12:00:00.0
PB0002,TAX_SLAB_5,2001-05-13 12:00:00.0
PB0003,TAX_SLAB_5,2001-05-13 12:00:00.0
PB0004,TAX_SLAB_5,2001-05-13 12:00:00.0
PB0005,TAX_SLAB_12,2001-05-13 12:00:00.0
PB0006,TAX_SLAB_12,2001-05-13 12:00:00.0
PB0007,TAX_SLAB_12,2001-05-13 12:00:00.0
PB0008,TAX_SLAB_12,2001-05-13 12:00:00.0
PB0009,TAX_SLAB_5,2001-05-13 12:00:00.0
PB0010,TAX_SLAB_5,2001-05-13 12:00:00.0
PB0011,TAX_SLAB_5,2001-05-13 12:00:00.0
PB0012,TAX_SLAB_5,2001-05-13 12:00:00.0
PB0013,TAX_SLAB_5,2001-05-13 12:00:00.0
PB0014,TAX_SLAB_5,2001-05-13 12:00:00.0
PB0015,TAX_SLAB_5,2001-05-13 12:00:00.0
PB0016,TAX_SLAB_5,2001-05-13 12:00:00.0
PB0017,TAX_SLAB_5,2001-05-13 12:00:00.0
PB0018,TAX_SLAB_5,2001-05-13 12:00:00.0
PB0019,TAX_SLAB_12,2001-05-13 12:00:00.0
PB0020,TAX_SLAB_12,2001-05-13 12:00:00.0
PB0021,TAX_SLAB_12,2001-05-13 12:00:00.0
PB0022,TAX_SLAB_12,2001-05-13 12:00:00.0
PB0023,TAX_SLAB_5,2001-05-13 12:00:00.0
PB0024,TAX_SLAB_5,2001-05-13 12:00:00.0
PB0025,TAX_SLAB_5,2001-05-13 12:00:00.0
PB0026,TAX_SLAB_5,2001-05-13 12:00:00.0
PB0027,TAX_SLAB_5,2001-05-13 12:00:00.0
PB0028,TAX_SLAB_5,2001-05-13 12:00:00.0
PB0029,TAX_SLAB_18,2001-05-13 12:00:00.0
PB0030,TAX_SLAB_18,2001-05-13 12:00:00.0
PB0031,TAX_SLAB_5,2001-05-13 12:00:00.0
PB0032,TAX_SLAB_18,2001-05-13 12:00:00.0
PB0033,TAX_SLAB_12,2001-05-13 12:00:00.0
PB0034,TAX_SLAB_12,2001-05-13 12:00:00.0
PB0035,TAX_SLAB_12,2001-05-13 12:00:00.0
PB0036,TAX_SLAB_12,2001-05-13 12:00:00.0
PB0037,TAX_SLAB_12,2001-05-13 12:00:00.0
PB0038,TAX_SLAB_18,2001-05-13 12:00:00.0
PB0039,TAX_SLAB_18,2001-05-13 12:00:00.0
PB0040,TAX_SLAB_18,2001-05-13 12:00:00.0
PB0041,TAX_SLAB_5,2001-05-13 12:00:00.0
PB0042,TAX_SLAB_12,2001-05-13 12:00:00.0
PB0043,TAX_SLAB_5,2001-05-13 12:00:00.0
PB0044,TAX_SLAB_18,2001-05-13 12:00:00.0
PB0045,TAX_SLAB_18,2001-05-13 12:00:00.0
PB0046,TAX_SLAB_18,2001-05-13 12:00:00.0
PB0047,TAX_SLAB_18,2001-05-13 12:00:00.0
PB0048,TAX_SLAB_18,2001-05-13 12:00:00.0
PB0049,TAX_SLAB_18,2001-05-13 12:00:00.0
PB0050,TAX_SLAB_18,2001-05-13 12:00:00.0
PB0051,TAX_SLAB_18,2001-05-13 12:00:00.0
PB0052,TAX_SLAB_18,2001-05-13 12:00:00.0
PB0053,TAX_SLAB_18,2001-05-13 12:00:00.0
PB0054,TAX_SLAB_18,2001-05-13 12:00:00.0
PB0055,TAX_SLAB_12,2001-05-13 12:00:00.0
PB0056,TAX_SLAB_12,2001-05-13 12:00:00.0
PB0057,TAX_SLAB_12,2001-05-13 12:00:00.0
PB0058,TAX_SLAB_12,2001-05-13 12:00:00.0
PB0059,TAX_SLAB_12,2001-05-13 12:00:00.0
PB0060,TAX_SLAB_12,2001-05-13 12:00:00.0
PB0061,TAX_SLAB_18,2001-05-13 12:00:00.0
PB0062,TAX_SLAB_12,2001-05-13 12:00:00.0
PB0063,TAX_SLAB_18,2001-05-13 12:00:00.0
PB0064,TAX_SLAB_18,2001-05-13 12:00:00.0
PB0065,TAX_SLAB_18,2001-05-13 12:00:00.0
PB0066,TAX_SLAB_18,2001-05-13 12:00:00.0
PB0067,TAX_SLAB_18,2001-05-13 12:00:00.0
PB0068,TAX_SLAB_18,2001-05-13 12:00:00.0
PB0069,TAX_SLAB_18,2001-05-13 12:00:00.0
PB0070,TAX_SLAB_18,2001-05-13 12:00:00.0
PB0071,TAX_SLAB_18,2001-05-13 12:00:00.0
PB0072,TAX_SLAB_18,2001-05-13 12:00:00.0
PB0073,TAX_SLAB_18,2001-05-13 12:00:00.0
PB0074,TAX_SLAB_18,2001-05-13 12:00:00.0
PB0075,TAX_SLAB_18,2001-05-13 12:00:00.0
PB0076,TAX_SLAB_18,2001-05-13 12:00:00.0
PB0077,TAX_SLAB_18,2001-05-13 12:00:00.0
PB0078,TAX_SLAB_18,2001-05-13 12:00:00.0
PB0079,TAX_SLAB_12,2001-05-13 12:00:00.0
PB0080,TAX_SLAB_12,2001-05-13 12:00:00.0
PB0081,TAX_SLAB_12,2001-05-13 12:00:00.0
PB0082,TAX_SLAB_12,2001-05-13 12:00:00.0
PB0083,TAX_SLAB_18,2001-05-13 12:00:00.0
PB0084,TAX_SLAB_18,2001-05-13 12:00:00.0
PB0085,TAX_SLAB_0,2001-05-13 12:00:00.0
PB0086,TAX_SLAB_0,2001-05-13 12:00:00.0
PB0087,TAX_SLAB_0,2001-05-13 12:00:00.0
PB0088,TAX_SLAB_5,2001-05-13 12:00:00.0
PB0089,TAX_SLAB_18,2001-05-13 12:00:00.0
PB0090,TAX_SLAB_5,2001-05-13 12:00:00.0
PB0091,TAX_SLAB_18,2001-05-13 12:00:00.0
PB0092,other,2001-05-13 12:00:00.0
PB0093,other,2001-05-13 12:00:00.0
PB0094,TAX_SLAB_18,2001-05-13 12:00:00.0
PB0095,TAX_SLAB_18,2001-05-13 12:00:00.0
PB0096,TAX_SLAB_18,2001-05-13 12:00:00.0
PB0097,other,2001-05-13 12:00:00.0
PB0098,other,2001-05-13 12:00:00.0
PB0099,TAX_SLAB_18,2001-05-13 12:00:00.0
PB0100,TAX_SLAB_18,2001-05-13 12:00:00.0
PB0101,TAX_SLAB_12,2001-05-13 12:00:00.0
PB0102,TAX_SLAB_18,2001-05-13 12:00:00.0
PB0103,TAX_SLAB_18,2001-05-13 12:00:00.0
PB0104,TAX_SLAB_5,2001-05-13 12:00:00.0
PB0105,TAX_SLAB_18,2001-05-13 12:00:00.0
PB0106,other,2001-05-13 12:00:00.0
PB0107,other,2001-05-13 12:00:00.0
PB0108,TAX_SLAB_18,2001-05-13 12:00:00.0
PB0109,other,2001-05-13 12:00:00.0
PB0110,other,2001-05-13 12:00:00.0
PB0111,other,2001-05-13 12:00:00.0
PB0112,other,2001-05-13 12:00:00.0
PB0113,other,2001-05-13 12:00:00.0
PB0114,TAX_SLAB_0,2001-05-13 12:00:00.0
PB0115,TAX_SLAB_0,2001-05-13 12:00:00.0
PB0116,TAX_SLAB_18,2001-05-13 12:00:00.0
PB0117,TAX_SLAB_18,2001-05-13 12:00:00.0
PB0118,TAX_SLAB_18,2001-05-13 12:00:00.0
PB0119,TAX_SLAB_18,2001-05-13 12:00:00.0
PB0120,TAX_SLAB_18,2001-05-13 12:00:00.0
PB0121,other,2001-05-13 12:00:00.0
PB0122,other,2001-05-13 12:00:00.0
PB0123,TAX_SLAB_18,2001-05-13 12:00:00.0
PB0124,TAX_SLAB_5,2001-05-13 12:00:00.0
PB0125,TAX_SLAB_0,2001-05-13 12:00:00.0
PB0126,TAX_SLAB_18,2001-05-13 12:00:00.0
PB0127,TAX_SLAB_18,2001-05-13 12:00:00.0
PB0128,TAX_SLAB_18,2001-05-13 12:00:00.0
PB0129,TAX_SLAB_18,2001-05-13 12:00:00.0
PB0130,TAX_SLAB_0,2001-05-13 12:00:00.0
PB0131,TAX_SLAB_18,2001-05-13 12:00:00.0
PB0132,TAX_SLAB_18,2001-05-13 12:00:00.0
PB0133,TAX_SLAB_18,2001-05-13 12:00:00.0
PB0134,TAX_SLAB_18,2001-05-13 12:00:00.0
PB0135,TAX_SLAB_18,2001-05-13 12:00:00.0
PB0136,TAX_SLAB_18,2001-05-13 12:00:00.0
PB0137,TAX_SLAB_28,2001-05-13 12:00:00.0
PB0138,TAX_SLAB_18,2001-05-13 12:00:00.0
PB0139,TAX_SLAB_18,2001-05-13 12:00:00.0
PB0140,TAX_SLAB_18,2001-05-13 12:00:00.0
PB0141,other,2001-05-13 12:00:00.0
PB0142,other,2001-05-13 12:00:00.0
PB0143,TAX_SLAB_18,2001-05-13 12:00:00.0
PB0144,TAX_SLAB_18,2001-05-13 12:00:00.0
PB0145,TAX_SLAB_18,2001-05-13 12:00:00.0
PB0146,TAX_SLAB_5,2001-05-13 12:00:00.0
PB0147,TAX_SLAB_5,2001-05-13 12:00:00.0
PB0148,TAX_SLAB_5,2001-05-13 12:00:00.0
PB0149,TAX_SLAB_18,2001-05-13 12:00:00.0
PB0150,TAX_SLAB_18,2001-05-13 12:00:00.0
PB0151,TAX_SLAB_18,2001-05-13 12:00:00.0
PB0152,TAX_SLAB_18,2001-05-13 12:00:00.0
PB0153,TAX_SLAB_18,2001-05-13 12:00:00.0
PB0154,TAX_SLAB_18,2001-05-13 12:00:00.0
PB0155,TAX_SLAB_18,2001-05-13 12:00:00.0
PB0156,TAX_SLAB_18,2001-05-13 12:00:00.0
PB0157,TAX_SLAB_18,2001-05-13 12:00:00.0
PB0158,TAX_SLAB_18,2001-05-13 12:00:00.0
PB0159,TAX_SLAB_18,2001-05-13 12:00:00.0
PB0160,TAX_SLAB_18,2001-05-13 12:00:00.0
PB0161,TAX_SLAB_12,2001-05-13 12:00:00.0
PB0162,TAX_SLAB_18,2001-05-13 12:00:00.0
PB0163,TAX_SLAB_18,2001-05-13 12:00:00.0
PB0164,TAX_SLAB_18,2001-05-13 12:00:00.0
PB0165,TAX_SLAB_18,2001-05-13 12:00:00.0
PB0166,TAX_SLAB_28,2001-05-13 12:00:00.0
PB0167,TAX_SLAB_18,2001-05-13 12:00:00.0
PB0168,TAX_SLAB_28,2001-05-13 12:00:00.0
PB0169,TAX_SLAB_18,2001-05-13 12:00:00.0
PB0170,TAX_SLAB_12,2001-05-13 12:00:00.0
PB0171,TAX_SLAB_5,2001-05-13 12:00:00.0
PB0172,TAX_SLAB_18,2001-05-13 12:00:00.0
PB0173,TAX_SLAB_18,2001-05-13 12:00:00.0
PB0174,TAX_SLAB_18,2001-05-13 12:00:00.0
PB0175,TAX_SLAB_12,2001-05-13 12:00:00.0
PB0176,TAX_SLAB_12,2001-05-13 12:00:00.0
PB0177,TAX_SLAB_18,2001-05-13 12:00:00.0
PB0178,TAX_SLAB_18,2001-05-13 12:00:00.0
PB0179,TAX_SLAB_18,2001-05-13 12:00:00.0
PB0180,TAX_SLAB_5,2001-05-13 12:00:00.0
PB0181,TAX_SLAB_12,2001-05-13 12:00:00.0
PB0182,TAX_SLAB_5,2001-05-13 12:00:00.0
PB0183,TAX_SLAB_5,2001-05-13 12:00:00.0
PB0184,TAX_SLAB_5,2001-05-13 12:00:00.0
PB0185,TAX_SLAB_18,2001-05-13 12:00:00.0
PB0186,TAX_SLAB_5,2001-05-13 12:00:00.0
PB0187,TAX_SLAB_5,2001-05-13 12:00:00.0
PB0188,TAX_SLAB_5,2001-05-13 12:00:00.0
PB0189,TAX_SLAB_18,2001-05-13 12:00:00.0
PB0190,TAX_SLAB_0,2001-05-13 12:00:00.0
PB0191,TAX_SLAB_12,2001-05-13 12:00:00.0
PB0192,TAX_SLAB_5,2001-05-13 12:00:00.0
PB0193,TAX_SLAB_5,2001-05-13 12:00:00.0
PB0194,TAX_SLAB_18,2001-05-13 12:00:00.0
PB0195,TAX_SLAB_18,2001-05-13 12:00:00.0
PB0196,TAX_SLAB_18,2001-05-13 12:00:00.0
PB0197,TAX_SLAB_18,2001-05-13 12:00:00.0
PB0198,TAX_SLAB_18,2001-05-13 12:00:00.0
PB0199,TAX_SLAB_18,2001-05-13 12:00:00.0
PB0200,TAX_SLAB_18,2001-05-13 12:00:00.0
PB0201,TAX_SLAB_18,2001-05-13 12:00:00.0
PB0202,TAX_SLAB_12,2001-05-13 12:00:00.0
PB0203,TAX_SLAB_18,2001-05-13 12:00:00.0
PB0204,TAX_SLAB_18,2001-05-13 12:00:00.0
PB0205,TAX_SLAB_18,2001-05-13 12:00:00.0
PB0206,TAX_SLAB_18,2001-05-13 12:00:00.0
PB0207,TAX_SLAB_5,2001-05-13 12:00:00.0
PB0208,TAX_SLAB_18,2001-05-13 12:00:00.0
PB0209,TAX_SLAB_18,2001-05-13 12:00:00.0
PB0210,TAX_SLAB_18,2001-05-13 12:00:00.0
PB0211,TAX_SLAB_18,2001-05-13 12:00:00.0
PB0212,TAX_SLAB_5,2001-05-13 12:00:00.0
PB0213,TAX_SLAB_12,2001-05-13 12:00:00.0
PB0214,TAX_SLAB_18,2001-05-13 12:00:00.0
PB0215,TAX_SLAB_18,2001-05-13 12:00:00.0
PB0216,TAX_SLAB_18,2001-05-13 12:00:00.0
PB0217,TAX_SLAB_18,2001-05-13 12:00:00.0
PB0218,TAX_SLAB_18,2001-05-13 12:00:00.0
PB0219,TAX_SLAB_18,2001-05-13 12:00:00.0
PB0220,TAX_SLAB_18,2001-05-13 12:00:00.0
PB0221,TAX_SLAB_18,2001-05-13 12:00:00.0
PB0222,TAX_SLAB_18,2001-05-13 12:00:00.0
PB0223,TAX_SLAB_18,2001-05-13 12:00:00.0
PB0224,TAX_SLAB_18,2001-05-13 12:00:00.0
PB0225,TAX_SLAB_18,2001-05-13 12:00:00.0
PB0226,TAX_SLAB_18,2001-05-13 12:00:00.0
PB0227,TAX_SLAB_5,2001-05-13 12:00:00.0
PB0228,TAX_SLAB_18,2001-05-13 12:00:00.0
PB0229,TAX_SLAB_28,2001-05-13 12:00:00.0
PB0230,TAX_SLAB_18,2001-05-13 12:00:00.0
PB0231,TAX_SLAB_18,2001-05-13 12:00:00.0
PB0232,TAX_SLAB_18,2001-05-13 12:00:00.0
PB0233,TAX_SLAB_18,2001-05-13 12:00:00.0
PB0234,TAX_SLAB_18,2001-05-13 12:00:00.0
PB0235,TAX_SLAB_18,2001-05-13 12:00:00.0
PB0236,TAX_SLAB_18,2001-05-13 12:00:00.0
PB0237,TAX_SLAB_18,2001-05-13 12:00:00.0
PB0238,TAX_SLAB_12,2001-05-13 12:00:00.0
PB0239,TAX_SLAB_18,2001-05-13 12:00:00.0
PB0240,TAX_SLAB_18,2001-05-13 12:00:00.0
PB0241,TAX_SLAB_18,2001-05-13 12:00:00.0
PB0242,TAX_SLAB_18,2001-05-13 12:00:00.0
PB0243,TAX_SLAB_18,2001-05-13 12:00:00.0
PB0244,TAX_SLAB_18,2001-05-13 12:00:00.0
PB0245,TAX_SLAB_18,2001-05-13 12:00:00.0
PB0246,TAX_SLAB_18,2001-05-13 12:00:00.0
PB0247,TAX_SLAB_18,2001-05-13 12:00:00.0
PB0248,TAX_SLAB_18,2001-05-13 12:00:00.0
PB0249,TAX_SLAB_28,2001-05-13 12:00:00.0
PB0250,TAX_SLAB_18,2001-05-13 12:00:00.0
PB0251,TAX_SLAB_18,2001-05-13 12:00:00.0
PB0252,TAX_SLAB_18,2001-05-13 12:00:00.0
PB0253,TAX_SLAB_18,2001-05-13 12:00:00.0
PB0254,TAX_SLAB_18,2001-05-13 12:00:00.0
PB0255,TAX_SLAB_5,2001-05-13 12:00:00.0
PB0256,TAX_SLAB_18,2001-05-13 12:00:00.0
PB0257,TAX_SLAB_18,2001-05-13 12:00:00.0
PB0258,TAX_SLAB_18,2001-05-13 12:00:00.0
PB0259,TAX_SLAB_0,2001-05-13 12:00:00.0
PB0260,TAX_SLAB_18,2001-05-13 12:00:00.0
PB0261,TAX_SLAB_18,2001-05-13 12:00:00.0
PB0262,TAX_SLAB_18,2001-05-13 12:00:00.0
PB0263,TAX_SLAB_18,2001-05-13 12:00:00.0
PB0264,TAX_SLAB_18,2001-05-13 12:00:00.0
PB0265,TAX_SLAB_18,2001-05-13 12:00:00.0
PB0266,TAX_SLAB_18,2001-05-13 12:00:00.0
PB0267,TAX_SLAB_18,2001-05-13 12:00:00.0
PB0268,TAX_SLAB_18,2001-05-13 12:00:00.0
PB0269,TAX_SLAB_18,2001-05-13 12:00:00.0
PB0270,TAX_SLAB_18,2001-05-13 12:00:00.0
PB0271,TAX_SLAB_18,2001-05-13 12:00:00.0
PB0272,TAX_SLAB_18,2001-05-13 12:00:00.0
PB0273,TAX_SLAB_18,2001-05-13 12:00:00.0
PB0274,TAX_SLAB_18,2001-05-13 12:00:00.0
PB0275,TAX_SLAB_18,2001-05-13 12:00:00.0
PB0276,TAX_SLAB_18,2001-05-13 12:00:00.0
PB0277,TAX_SLAB_28,2001-05-13 12:00:00.0
PB0278,TAX_SLAB_28,2001-05-13 12:00:00.0
PB0279,TAX_SLAB_28,2001-05-13 12:00:00.0
PB0280,TAX_SLAB_28,2001-05-13 12:00:00.0
PB0281,TAX_SLAB_28,2001-05-13 12:00:00.0
PB0282,TAX_SLAB_28,2001-05-13 12:00:00.0
PB0283,TAX_SLAB_28,2001-05-13 12:00:00.0
PB0284,TAX_SLAB_28,2001-05-13 12:00:00.0
PB0285,TAX_SLAB_18,2001-05-13 12:00:00.0
PB0286,TAX_SLAB_18,2001-05-13 12:00:00.0
PB0287,TAX_SLAB_18,2001-05-13 12:00:00.0
PB0288,TAX_SLAB_18,2001-05-13 12:00:00.0
PB0289,TAX_SLAB_18,2001-05-13 12:00:00.0
PB0290,TAX_SLAB_18,2001-05-13 12:00:00.0
PB0291,TAX_SLAB_18,2001-05-13 12:00:00.0
PB0292,TAX_SLAB_18,2001-05-13 12:00:00.0
PB0293,TAX_SLAB_18,2001-05-13 12:00:00.0
PB0294,TAX_SLAB_18,2001-05-13 12:00:00.0
PB0295,TAX_SLAB_18,2001-05-13 12:00:00.0
PB0296,TAX_SLAB_18,2001-05-13 12:00:00.0
PB0297,TAX_SLAB_18,2001-05-13 12:00:00.0
PB0298,TAX_SLAB_18,2001-05-13 12:00:00.0
PB0299,TAX_SLAB_18,2001-05-13 12:00:00.0
PB0300,TAX_SLAB_18,2001-05-13 12:00:00.0
PB0301,TAX_SLAB_18,2001-05-13 12:00:00.0
PB0302,TAX_SLAB_18,2001-05-13 12:00:00.0
PB0303,TAX_SLAB_18,2001-05-13 12:00:00.0
PB0304,TAX_SLAB_18,2001-05-13 12:00:00.0
PB0305,TAX_SLAB_18,2001-05-13 12:00:00.0
PB0306,TAX_SLAB_18,2001-05-13 12:00:00.0
PB0307,TAX_SLAB_18,2001-05-13 12:00:00.0
PB0308,TAX_SLAB_18,2001-05-13 12:00:00.0
PB0309,TAX_SLAB_18,2001-05-13 12:00:00.0
PB0310,TAX_SLAB_18,2001-05-13 12:00:00.0
PB0311,TAX_SLAB_18,2001-05-13 12:00:00.0
PB0312,TAX_SLAB_18,2001-05-13 12:00:00.0
PB0313,TAX_SLAB_18,2001-05-13 12:00:00.0
PB0314,TAX_SLAB_18,2001-05-13 12:00:00.0
PB0315,TAX_SLAB_18,2001-05-13 12:00:00.0
PB0316,TAX_SLAB_18,2001-05-13 12:00:00.0
PB0317,TAX_SLAB_18,2001-05-13 12:00:00.0
PB0318,TAX_SLAB_18,2001-05-13 12:00:00.0
PB0319,TAX_SLAB_18,2001-05-13 12:00:00.0
PB0320,TAX_SLAB_18,2001-05-13 12:00:00.0
PB0321,TAX_SLAB_18,2001-05-13 12:00:00.0
PB0322,TAX_SLAB_18,2001-05-13 12:00:00.0
PB0323,TAX_SLAB_18,2001-05-13 12:00:00.0
PB0324,TAX_SLAB_18,2001-05-13 12:00:00.0
PB0325,TAX_SLAB_18,2001-05-13 12:00:00.0
PB0326,TAX_SLAB_18,2001-05-13 12:00:00.0
PB0327,TAX_SLAB_18,2001-05-13 12:00:00.0
PB0328,TAX_SLAB_18,2001-05-13 12:00:00.0
PB0329,TAX_SLAB_18,2001-05-13 12:00:00.0
PB0330,TAX_SLAB_18,2001-05-13 12:00:00.0
PB0331,TAX_SLAB_18,2001-05-13 12:00:00.0
PB0332,TAX_SLAB_18,2001-05-13 12:00:00.0
PB0333,TAX_SLAB_18,2001-05-13 12:00:00.0
PB0334,TAX_SLAB_18,2001-05-13 12:00:00.0
PB0335,TAX_SLAB_18,2001-05-13 12:00:00.0
PB0336,TAX_SLAB_18,2001-05-13 12:00:00.0
PB0337,TAX_SLAB_18,2001-05-13 12:00:00.0
PB0338,TAX_SLAB_18,2001-05-13 12:00:00.0
PB0339,TAX_SLAB_18,2001-05-13 12:00:00.0
PB0340,TAX_SLAB_18,2001-05-13 12:00:00.0
PB0341,TAX_SLAB_18,2001-05-13 12:00:00.0
PB0342,TAX_SLAB_18,2001-05-13 12:00:00.0
PB0343,TAX_SLAB_18,2001-05-13 12:00:00.0
PB0344,TAX_SLAB_18,2001-05-13 12:00:00.0
PB0345,TAX_SLAB_0,2001-05-13 12:00:00.0
PB0346,TAX_SLAB_18,2001-05-13 12:00:00.0
PB0347,TAX_SLAB_18,2001-05-13 12:00:00.0
PB0348,TAX_SLAB_18,2001-05-13 12:00:00.0
PB0349,TAX_SLAB_18,2001-05-13 12:00:00.0
PB0350,TAX_SLAB_18,2001-05-13 12:00:00.0
PB0351,TAX_SLAB_18,2001-05-13 12:00:00.0
PB0352,TAX_SLAB_18,2001-05-13 12:00:00.0
PB0353,TAX_SLAB_18,2001-05-13 12:00:00.0
PB0354,TAX_SLAB_18,2001-05-13 12:00:00.0
PB0355,TAX_SLAB_18,2001-05-13 12:00:00.0
PB0356,TAX_SLAB_18,2001-05-13 12:00:00.0
PB0357,TAX_SLAB_18,2001-05-13 12:00:00.0
PB0358,TAX_SLAB_18,2001-05-13 12:00:00.0
PB0359,TAX_SLAB_18,2001-05-13 12:00:00.0
PB0360,TAX_SLAB_18,2001-05-13 12:00:00.0
PB0361,TAX_SLAB_0,2001-05-13 12:00:00.0
PB0362,TAX_SLAB_18,2001-05-13 12:00:00.0
PB0363,TAX_SLAB_18,2001-05-13 12:00:00.0
PB0364,TAX_SLAB_18,2001-05-13 12:00:00.0
PB0365,TAX_SLAB_0,2001-05-13 12:00:00.0
PB0366,TAX_SLAB_18,2001-05-13 12:00:00.0
PB0367,TAX_SLAB_18,2001-05-13 12:00:00.0
PB0368,TAX_SLAB_18,2001-05-13 12:00:00.0
PB0369,TAX_SLAB_18,2001-05-13 12:00:00.0
PB0370,TAX_SLAB_18,2001-05-13 12:00:00.0
PB0371,TAX_SLAB_18,2001-05-13 12:00:00.0
PB0372,TAX_SLAB_18,2001-05-13 12:00:00.0
PB0373,TAX_SLAB_18,2001-05-13 12:00:00.0
PB0374,TAX_SLAB_18,2001-05-13 12:00:00.0
PB0375,TAX_SLAB_18,2001-05-13 12:00:00.0
PB0376,TAX_SLAB_18,2001-05-13 12:00:00.0
PB0377,TAX_SLAB_18,2001-05-13 12:00:00.0
PB0378,TAX_SLAB_18,2001-05-13 12:00:00.0
PB0379,TAX_SLAB_18,2001-05-13 12:00:00.0
PB0380,TAX_SLAB_18,2001-05-13 12:00:00.0
PB0381,TAX_SLAB_18,2001-05-13 12:00:00.0
PB0382,TAX_SLAB_18,2001-05-13 12:00:00.0
PB0383,TAX_SLAB_18,2001-05-13 12:00:00.0
PB0384,TAX_SLAB_18,2001-05-13 12:00:00.0
PB0385,TAX_SLAB_18,2001-05-13 12:00:00.0
PB0386,TAX_SLAB_18,2001-05-13 12:00:00.0
PB0387,TAX_SLAB_18,2001-05-13 12:00:00.0
PB0388,TAX_SLAB_18,2001-05-13 12:00:00.0
PB0389,TAX_SLAB_18,2001-05-13 12:00:00.0
PB0390,TAX_SLAB_18,2001-05-13 12:00:00.0
PB0391,TAX_SLAB_18,2001-05-13 12:00:00.0
PB0392,TAX_SLAB_18,2001-05-13 12:00:00.0
PB0393,TAX_SLAB_18,2001-05-13 12:00:00.0
PB0394,TAX_SLAB_18,2001-05-13 12:00:00.0
PB0395,TAX_SLAB_18,2001-05-13 12:00:00.0
PB0396,TAX_SLAB_18,2001-05-13 12:00:00.0
PB0397,TAX_SLAB_18,2001-05-13 12:00:00.0
PB0398,TAX_SLAB_18,2001-05-13 12:00:00.0
PB0399,TAX_SLAB_18,2001-05-13 12:00:00.0
PB0400,TAX_SLAB_18,2001-05-13 12:00:00.0
PB0401,TAX_SLAB_18,2001-05-13 12:00:00.0
PB0402,TAX_SLAB_18,2001-05-13 12:00:00.0
PB0403,TAX_SLAB_18,2001-05-13 12:00:00.0
PB0404,TAX_SLAB_18,2001-05-13 12:00:00.0
PB0405,TAX_SLAB_18,2001-05-13 12:00:00.0
PB0406,TAX_SLAB_18,2001-05-13 12:00:00.0
PB0407,TAX_SLAB_18,2001-05-13 12:00:00.0
PB0408,TAX_SLAB_18,2001-05-13 12:00:00.0
PB0409,TAX_SLAB_18,2001-05-13 12:00:00.0
PB0410,TAX_SLAB_18,2001-05-13 12:00:00.0
PB0411,TAX_SLAB_18,2001-05-13 12:00:00.0
PB0412,TAX_SLAB_18,2001-05-13 12:00:00.0
PB0413,TAX_SLAB_18,2001-05-13 12:00:00.0
PB0414,TAX_SLAB_18,2001-05-13 12:00:00.0
PB0415,TAX_SLAB_18,2001-05-13 12:00:00.0
PB0416,TAX_SLAB_18,2001-05-13 12:00:00.0
PB0417,TAX_SLAB_28,2001-05-13 12:00:00.0
PB0418,TAX_SLAB_18,2001-05-13 12:00:00.0
PB0419,TAX_SLAB_18,2001-05-13 12:00:00.0
PB0420,TAX_SLAB_18,2001-05-13 12:00:00.0
PB0421,TAX_SLAB_18,2001-05-13 12:00:00.0
PB0422,TAX_SLAB_18,2001-05-13 12:00:00.0
PB0423,TAX_SLAB_18,2001-05-13 12:00:00.0
PB0424,TAX_SLAB_18,2001-05-13 12:00:00.0
PB0425,TAX_SLAB_18,2001-05-13 12:00:00.0
PB0426,TAX_SLAB_18,2001-05-13 12:00:00.0
PB0427,TAX_SLAB_5,2001-05-13 12:00:00.0
PB0428,TAX_SLAB_5,2001-05-13 12:00:00.0
PB0429,TAX_SLAB_5,2001-05-13 12:00:00.0
PB0430,TAX_SLAB_28,2001-05-13 12:00:00.0
PB0431,TAX_SLAB_28,2001-05-13 12:00:00.0
PB0432,TAX_SLAB_18,2001-05-13 12:00:00.0
PB0433,TAX_SLAB_18,2001-05-13 12:00:00.0
PB0434,TAX_SLAB_18,2001-05-13 12:00:00.0
PB0435,TAX_SLAB_18,2001-05-13 12:00:00.0
PB0436,TAX_SLAB_18,2001-05-13 12:00:00.0
PB0437,TAX_SLAB_18,2001-05-13 12:00:00.0
PB0438,TAX_SLAB_18,2001-05-13 12:00:00.0
PB0439,TAX_SLAB_18,2001-05-13 12:00:00.0
PB0440,TAX_SLAB_18,2001-05-13 12:00:00.0
PB0441,TAX_SLAB_12,2001-05-13 12:00:00.0
PB0442,TAX_SLAB_18,2001-05-13 12:00:00.0
PB0443,TAX_SLAB_18,2001-05-13 12:00:00.0
PB0444,TAX_SLAB_18,2001-05-13 12:00:00.0
PB0445,TAX_SLAB_18,2001-05-13 12:00:00.0
PB0446,TAX_SLAB_18,2001-05-13 12:00:00.0
PB0447,TAX_SLAB_18,2001-05-13 12:00:00.0
PB0448,TAX_SLAB_18,2001-05-13 12:00:00.0
PB0449,TAX_SLAB_18,2001-05-13 12:00:00.0
PB0450,TAX_SLAB_18,2001-05-13 12:00:00.0
PB0451,TAX_SLAB_18,2001-05-13 12:00:00.0
PB0452,TAX_SLAB_18,2001-05-13 12:00:00.0
PB0453,TAX_SLAB_18,2001-05-13 12:00:00.0
PB0454,TAX_SLAB_18,2001-05-13 12:00:00.0
PB0455,TAX_SLAB_18,2001-05-13 12:00:00.0
PB0456,TAX_SLAB_18,2001-05-13 12:00:00.0
PB0457,TAX_SLAB_18,2001-05-13 12:00:00.0
PB0458,TAX_SLAB_28,2001-05-13 12:00:00.0
PB0459,TAX_SLAB_18,2001-05-13 12:00:00.0
PB0460,TAX_SLAB_18,2001-05-13 12:00:00.0
PB0461,TAX_SLAB_18,2001-05-13 12:00:00.0
PB0462,TAX_SLAB_18,2001-05-13 12:00:00.0
PB0463,TAX_SLAB_18,2001-05-13 12:00:00.0
PB0464,TAX_SLAB_18,2001-05-13 12:00:00.0
PB0465,TAX_SLAB_18,2001-05-13 12:00:00.0
PB0466,TAX_SLAB_18,2001-05-13 12:00:00.0
PB0467,TAX_SLAB_18,2001-05-13 12:00:00.0
PB0468,TAX_SLAB_18,2001-05-13 12:00:00.0
PB0469,TAX_SLAB_18,2001-05-13 12:00:00.0
PB0470,TAX_SLAB_18,2001-05-13 12:00:00.0
PB0471,TAX_SLAB_18,2001-05-13 12:00:00.0
PB0472,TAX_SLAB_18,2001-05-13 12:00:00.0
PB0473,TAX_SLAB_18,2001-05-13 12:00:00.0
PB0474,TAX_SLAB_18,2001-05-13 12:00:00.0
PB0475,TAX_SLAB_18,2001-05-13 12:00:00.0
PB0476,TAX_SLAB_18,2001-05-13 12:00:00.0
PB0477,TAX_SLAB_18,2001-05-13 12:00:00.0
PB0478,TAX_SLAB_18,2001-05-13 12:00:00.0
PB0479,TAX_SLAB_18,2001-05-13 12:00:00.0
PB0480,TAX_SLAB_18,2001-05-13 12:00:00.0
PB0481,TAX_SLAB_18,2001-05-13 12:00:00.0
PB0482,TAX_SLAB_18,2001-05-13 12:00:00.0
PB0483,TAX_SLAB_18,2001-05-13 12:00:00.0
PB0484,TAX_SLAB_18,2001-05-13 12:00:00.0
PB0485,TAX_SLAB_18,2001-05-13 12:00:00.0
PB0486,TAX_SLAB_12,2001-05-13 12:00:00.0
PB0487,TAX_SLAB_12,2001-05-13 12:00:00.0
PB0488,TAX_SLAB_12,2001-05-13 12:00:00.0
PB0489,TAX_SLAB_12,2001-05-13 12:00:00.0
PB0490,TAX_SLAB_12,2001-05-13 12:00:00.0
PB0491,TAX_SLAB_12,2001-05-13 12:00:00.0
PB0492,TAX_SLAB_12,2001-05-13 12:00:00.0
PB0493,TAX_SLAB_12,2001-05-13 12:00:00.0
PB0494,TAX_SLAB_18,2001-05-13 12:00:00.0
PB0495,TAX_SLAB_18,2001-05-13 12:00:00.0
PB0496,TAX_SLAB_28,2001-05-13 12:00:00.0
PB0497,TAX_SLAB_28,2001-05-13 12:00:00.0
PB0498,TAX_SLAB_18,2001-05-13 12:00:00.0
PB0499,TAX_SLAB_18,2001-05-13 12:00:00.0
PB0500,TAX_SLAB_28,2001-05-13 12:00:00.0
PB0501,TAX_SLAB_18,2001-05-13 12:00:00.0
PB0502,TAX_SLAB_18,2001-05-13 12:00:00.0
PB0503,TAX_SLAB_18,2001-05-13 12:00:00.0
PB0504,TAX_SLAB_18,2001-05-13 12:00:00.0
PB0505,TAX_SLAB_18,2001-05-13 12:00:00.0
PB0506,TAX_SLAB_18,2001-05-13 12:00:00.0
PB0507,TAX_SLAB_18,2001-05-13 12:00:00.0
PB0508,TAX_SLAB_18,2001-05-13 12:00:00.0
PB0509,TAX_SLAB_18,2001-05-13 12:00:00.0
PB0510,TAX_SLAB_18,2001-05-13 12:00:00.0
PB0511,TAX_SLAB_18,2001-05-13 12:00:00.0
PB0512,TAX_SLAB_18,2001-05-13 12:00:00.0
PB0513,TAX_SLAB_18,2001-05-13 12:00:00.0
PB0514,TAX_SLAB_18,2001-05-13 12:00:00.0
PB0515,TAX_SLAB_18,2001-05-13 12:00:00.0
PB0516,TAX_SLAB_18,2001-05-13 12:00:00.0
PB0517,TAX_SLAB_18,2001-05-13 12:00:00.0
PB0518,TAX_SLAB_5,2001-05-13 12:00:00.0
PB0519,TAX_SLAB_12,2001-05-13 12:00:00.0
PB0520,TAX_SLAB_5,2001-05-13 12:00:00.0
PB0521,TAX_SLAB_5,2001-05-13 12:00:00.0
PB0522,TAX_SLAB_5,2001-05-13 12:00:00.0
PB0523,other,2001-05-13 12:00:00.0
PB0524,TAX_SLAB_18,2001-05-13 12:00:00.0
PB0525,TAX_SLAB_18,2001-05-13 12:00:00.0
PB0526,TAX_SLAB_18,2001-05-13 12:00:00.0
PB0527,TAX_SLAB_18,2001-05-13 12:00:00.0
PB0528,TAX_SLAB_18,2001-05-13 12:00:00.0
PB0529,TAX_SLAB_18,2001-05-13 12:00:00.0
PB0530,TAX_SLAB_18,2001-05-13 12:00:00.0
PB0531,TAX_SLAB_12,2001-05-13 12:00:00.0
PB0532,TAX_SLAB_12,2001-05-13 12:00:00.0
PB0533,TAX_SLAB_0,2001-05-13 12:00:00.0
PB0534,other,2001-05-13 12:00:00.0
PB0535,other,2001-05-13 12:00:00.0
PB0536,TAX_SLAB_18,2001-05-13 12:00:00.0
PB0537,TAX_SLAB_18,2001-05-13 12:00:00.0
PB0538,TAX_SLAB_18,2001-05-13 12:00:00.0
PB0539,TAX_SLAB_18,2001-05-13 12:00:00.0
PB0540,TAX_SLAB_18,2001-05-13 12:00:00.0
PB0541,TAX_SLAB_18,2001-05-13 12:00:00.0
PB0542,TAX_SLAB_18,2001-05-13 12:00:00.0
PB0543,TAX_SLAB_18,2001-05-13 12:00:00.0
PB0544,TAX_SLAB_18,2001-05-13 12:00:00.0
PB0545,TAX_SLAB_18,2001-05-13 12:00:00.0
PB0546,TAX_SLAB_5,2001-05-13 12:00:00.0
PB0547,TAX_SLAB_18,2001-05-13 12:00:00.0
PB0548,TAX_SLAB_18,2001-05-13 12:00:00.0
PB0549,TAX_SLAB_5,2001-05-13 12:00:00.0
PB0550,TAX_SLAB_18,2001-05-13 12:00:00.0
PB0551,TAX_SLAB_18,2001-05-13 12:00:00.0
PB0552,TAX_SLAB_18,2001-05-13 12:00:00.0
PB0553,TAX_SLAB_18,2001-05-13 12:00:00.0
PB0554,TAX_SLAB_18,2001-05-13 12:00:00.0
PB0555,TAX_SLAB_18,2001-05-13 12:00:00.0
PB0556,TAX_SLAB_18,2001-05-13 12:00:00.0
PB0557,TAX_SLAB_18,2001-05-13 12:00:00.0
PB0558,TAX_SLAB_18,2001-05-13 12:00:00.0
PB0559,TAX_SLAB_18,2001-05-13 12:00:00.0
PB0560,TAX_SLAB_18,2001-05-13 12:00:00.0
PB0561,TAX_SLAB_18,2001-05-13 12:00:00.0
PB0562,TAX_SLAB_18,2001-05-13 12:00:00.0
PB0563,TAX_SLAB_18,2001-05-13 12:00:00.0
PB0564,TAX_SLAB_18,2001-05-13 12:00:00.0
PB0565,TAX_SLAB_18,2001-05-13 12:00:00.0
PB0566,TAX_SLAB_18,2001-05-13 12:00:00.0
PB0567,TAX_SLAB_18,2001-05-13 12:00:00.0
PB0568,TAX_SLAB_18,2001-05-13 12:00:00.0
PB0569,TAX_SLAB_18,2001-05-13 12:00:00.0
PB0570,TAX_SLAB_18,2001-05-13 12:00:00.0
PB0571,TAX_SLAB_18,2001-05-13 12:00:00.0
PB0572,TAX_SLAB_18,2001-05-13 12:00:00.0
PB0573,TAX_SLAB_18,2001-05-13 12:00:00.0
PB0574,TAX_SLAB_18,2001-05-13 12:00:00.0
PB0575,TAX_SLAB_18,2001-05-13 12:00:00.0
PB0576,TAX_SLAB_18,2001-05-13 12:00:00.0
PB0577,TAX_SLAB_18,2001-05-13 12:00:00.0
PB0578,TAX_SLAB_18,2001-05-13 12:00:00.0
PB0579,TAX_SLAB_5,2001-05-13 12:00:00.0
PB0580,TAX_SLAB_18,2001-05-13 12:00:00.0
PB0581,TAX_SLAB_18,2001-05-13 12:00:00.0
PB0582,TAX_SLAB_28,2001-05-13 12:00:00.0
PB0583,TAX_SLAB_18,2001-05-13 12:00:00.0
PB0584,TAX_SLAB_18,2001-05-13 12:00:00.0
PB0585,TAX_SLAB_18,2001-05-13 12:00:00.0
PB0586,TAX_SLAB_18,2001-05-13 12:00:00.0
PB0587,TAX_SLAB_18,2001-05-13 12:00:00.0
PB0588,TAX_SLAB_18,2001-05-13 12:00:00.0
PB0589,TAX_SLAB_18,2001-05-13 12:00:00.0
PB0590,TAX_SLAB_18,2001-05-13 12:00:00.0
PB0591,TAX_SLAB_18,2001-05-13 12:00:00.0
PB0592,TAX_SLAB_18,2001-05-13 12:00:00.0
PB0593,TAX_SLAB_18,2001-05-13 12:00:00.0
PB0594,TAX_SLAB_18,2001-05-13 12:00:00.0
PB0595,TAX_SLAB_18,2001-05-13 12:00:00.0
PB0596,TAX_SLAB_18,2001-05-13 12:00:00.0
PB0597,TAX_SLAB_18,2001-05-13 12:00:00.0
PB0598,TAX_SLAB_18,2001-05-13 12:00:00.0
PB0599,TAX_SLAB_18,2001-05-13 12:00:00.0
PB0600,TAX_SLAB_18,2001-05-13 12:00:00.0
PB0601,TAX_SLAB_18,2001-05-13 12:00:00.0
PB0602,TAX_SLAB_18,2001-05-13 12:00:00.0
PB0603,TAX_SLAB_18,2001-05-13 12:00:00.0
PB0604,TAX_SLAB_18,2001-05-13 12:00:00.0
PB0605,TAX_SLAB_18,2001-05-13 12:00:00.0
PB0606,TAX_SLAB_18,2001-05-13 12:00:00.0
PB0607,TAX_SLAB_18,2001-05-13 12:00:00.0
PB0608,TAX_SLAB_18,2001-05-13 12:00:00.0
PB0609,TAX_SLAB_18,2001-05-13 12:00:00.0
PB0610,TAX_SLAB_18,2001-05-13 12:00:00.0
PB0611,TAX_SLAB_18,2001-05-13 12:00:00.0
PB0612,TAX_SLAB_18,2001-05-13 12:00:00.0
PB0613,TAX_SLAB_18,2001-05-13 12:00:00.0
PB0614,TAX_SLAB_18,2001-05-13 12:00:00.0
PB0615,TAX_SLAB_18,2001-05-13 12:00:00.0
PB0616,TAX_SLAB_18,2001-05-13 12:00:00.0
PB0617,TAX_SLAB_18,2001-05-13 12:00:00.0
PB0618,TAX_SLAB_18,2001-05-13 12:00:00.0
PB0619,TAX_SLAB_18,2001-05-13 12:00:00.0
PB0620,TAX_SLAB_18,2001-05-13 12:00:00.0
PB0621,TAX_SLAB_18,2001-05-13 12:00:00.0
PB0622,TAX_SLAB_18,2001-05-13 12:00:00.0
PB0623,TAX_SLAB_18,2001-05-13 12:00:00.0
PB0624,TAX_SLAB_18,2001-05-13 12:00:00.0
PB0625,TAX_SLAB_18,2001-05-13 12:00:00.0
PB0626,TAX_SLAB_18,2001-05-13 12:00:00.0
PB0627,TAX_SLAB_18,2001-05-13 12:00:00.0
PB0628,TAX_SLAB_18,2001-05-13 12:00:00.0
PB0629,TAX_SLAB_18,2001-05-13 12:00:00.0
PB0630,TAX_SLAB_18,2001-05-13 12:00:00.0
PB0631,TAX_SLAB_18,2001-05-13 12:00:00.0
PB0632,TAX_SLAB_18,2001-05-13 12:00:00.0
PB0633,TAX_SLAB_0,2001-05-13 12:00:00.0
PB0634,TAX_SLAB_5,2001-05-13 12:00:00.0
PB0635,TAX_SLAB_0,2001-05-13 12:00:00.0
PB0636,TAX_SLAB_18,2001-05-13 12:00:00.0
PB0637,TAX_SLAB_12,2001-05-13 12:00:00.0
PB0638,TAX_SLAB_18,2001-05-13 12:00:00.0
PB0639,TAX_SLAB_18,2001-05-13 12:00:00.0
PB0640,TAX_SLAB_18,2001-05-13 12:00:00.0
PB0641,TAX_SLAB_18,2001-05-13 12:00:00.0
PB0642,TAX_SLAB_18,2001-05-13 12:00:00.0
PB0643,TAX_SLAB_18,2001-05-13 12:00:00.0
PB0644,TAX_SLAB_18,2001-05-13 12:00:00.0
PB0645,TAX_SLAB_18,2001-05-13 12:00:00.0
PB0646,TAX_SLAB_18,2001-05-13 12:00:00.0
PB0647,TAX_SLAB_18,2001-05-13 12:00:00.0
PB0648,TAX_SLAB_18,2001-05-13 12:00:00.0
PB0649,TAX_SLAB_18,2001-05-13 12:00:00.0
PB0650,TAX_SLAB_18,2001-05-13 12:00:00.0
PB0651,TAX_SLAB_18,2001-05-13 12:00:00.0
PB0652,TAX_SLAB_18,2001-05-13 12:00:00.0
PB0653,TAX_SLAB_18,2001-05-13 12:00:00.0
PB0654,TAX_SLAB_18,2001-05-13 12:00:00.0
PB0655,TAX_SLAB_18,2001-05-13 12:00:00.0
PB0656,TAX_SLAB_18,2001-05-13 12:00:00.0
PB0657,TAX_SLAB_18,2001-05-13 12:00:00.0
PB0658,TAX_SLAB_18,2001-05-13 12:00:00.0
PB0659,TAX_SLAB_18,2001-05-13 12:00:00.0
PB0660,TAX_SLAB_18,2001-05-13 12:00:00.0
PB0661,TAX_SLAB_18,2001-05-13 12:00:00.0
PB0662,TAX_SLAB_18,2001-05-13 12:00:00.0
PB0663,TAX_SLAB_18,2001-05-13 12:00:00.0
PB0664,TAX_SLAB_18,2001-05-13 12:00:00.0
PB0665,TAX_SLAB_18,2001-05-13 12:00:00.0
PB0666,TAX_SLAB_18,2001-05-13 12:00:00.0
PB0667,TAX_SLAB_18,2001-05-13 12:00:00.0
PB0668,TAX_SLAB_18,2001-05-13 12:00:00.0
PB0669,TAX_SLAB_18,2001-05-13 12:00:00.0
PB0670,TAX_SLAB_28,2001-05-13 12:00:00.0
PB0671,TAX_SLAB_18,2001-05-13 12:00:00.0
PB0672,TAX_SLAB_18,2001-05-13 12:00:00.0
PB0673,TAX_SLAB_18,2001-05-13 12:00:00.0
PB0674,TAX_SLAB_28,2001-05-13 12:00:00.0
PB0675,TAX_SLAB_18,2001-05-13 12:00:00.0
PB0676,TAX_SLAB_18,2001-05-13 12:00:00.0
PB0677,TAX_SLAB_12,2001-05-13 12:00:00.0
PB0678,TAX_SLAB_12,2001-05-13 12:00:00.0
PB0679,TAX_SLAB_18,2001-05-13 12:00:00.0
PB0680,TAX_SLAB_18,2001-05-13 12:00:00.0
PB0681,TAX_SLAB_18,2001-05-13 12:00:00.0
PB0682,TAX_SLAB_18,2001-05-13 12:00:00.0
PB0683,TAX_SLAB_18,2001-05-13 12:00:00.0
PB0684,TAX_SLAB_12,2001-05-13 12:00:00.0
PB0685,TAX_SLAB_18,2001-05-13 12:00:00.0
PB0686,TAX_SLAB_18,2001-05-13 12:00:00.0
PB0687,TAX_SLAB_18,2001-05-13 12:00:00.0
PB0688,TAX_SLAB_18,2001-05-13 12:00:00.0
PB0689,TAX_SLAB_18,2001-05-13 12:00:00.0
PB0690,TAX_SLAB_12,2001-05-13 12:00:00.0
PB0691,TAX_SLAB_18,2001-05-13 12:00:00.0
PB0692,TAX_SLAB_18,2001-05-13 12:00:00.0
PB0693,TAX_SLAB_18,2001-05-13 12:00:00.0
PB0694,TAX_SLAB_18,2001-05-13 12:00:00.0
PB0695,TAX_SLAB_18,2001-05-13 12:00:00.0
PB0696,TAX_SLAB_18,2001-05-13 12:00:00.0
PB0697,TAX_SLAB_18,2001-05-13 12:00:00.0
PB0698,TAX_SLAB_18,2001-05-13 12:00:00.0
PB0699,TAX_SLAB_18,2001-05-13 12:00:00.0
PB0700,TAX_SLAB_18,2001-05-13 12:00:00.0
PB0701,TAX_SLAB_18,2001-05-13 12:00:00.0
PB0702,TAX_SLAB_18,2001-05-13 12:00:00.0
PB0703,TAX_SLAB_18,2001-05-13 12:00:00.0
PB0704,TAX_SLAB_5,2001-05-13 12:00:00.0
PB0705,TAX_SLAB_18,2001-05-13 12:00:00.0
PB0706,TAX_SLAB_18,2001-05-13 12:00:00.0
PB0707,TAX_SLAB_18,2001-05-13 12:00:00.0
PB0708,TAX_SLAB_18,2001-05-13 12:00:00.0
PB0709,TAX_SLAB_5,2001-05-13 12:00:00.0
PB0710,TAX_SLAB_18,2001-05-13 12:00:00.0
PB0711,TAX_SLAB_18,2001-05-13 12:00:00.0
PB0712,TAX_SLAB_18,2001-05-13 12:00:00.0
PB0713,TAX_SLAB_18,2001-05-13 12:00:00.0
PB0714,TAX_SLAB_18,2001-05-13 12:00:00.0
PB0715,TAX_SLAB_18,2001-05-13 12:00:00.0
PB0716,TAX_SLAB_18,2001-05-13 12:00:00.0
PB0717,TAX_SLAB_18,2001-05-13 12:00:00.0
PB0718,TAX_SLAB_12,2001-05-13 12:00:00.0
PB0719,TAX_SLAB_18,2001-05-13 12:00:00.0
PB0720,TAX_SLAB_18,2001-05-13 12:00:00.0
PB0721,TAX_SLAB_18,2001-05-13 12:00:00.0
PB0722,TAX_SLAB_18,2001-05-13 12:00:00.0
PB0723,TAX_SLAB_18,2001-05-13 12:00:00.0
PB0724,TAX_SLAB_18,2001-05-13 12:00:00.0
PB0725,TAX_SLAB_12,2001-05-13 12:00:00.0
PB0726,other,2001-05-13 12:00:00.0
PB0727,other,2001-05-13 12:00:00.0
PB0728,other,2001-05-13 12:00:00.0
PB0729,other,2001-05-13 12:00:00.0
PB0730,TAX_SLAB_18,2001-05-13 12:00:00.0
PB0731,other,2001-05-13 12:00:00.0
PB0732,other,2001-05-13 12:00:00.0
PB0733,other,2001-05-13 12:00:00.0
PB0734,TAX_SLAB_18,2001-05-13 12:00:00.0
PB0735,other,2001-05-13 12:00:00.0
PB0736,other,2001-05-13 12:00:00.0
PB0737,TAX_SLAB_18,2001-05-13 12:00:00.0
PB0738,TAX_SLAB_18,2001-05-13 12:00:00.0
PB0739,TAX_SLAB_18,2001-05-13 12:00:00.0
PB0740,TAX_SLAB_0,2001-05-13 12:00:00.0
PB0741,TAX_SLAB_0,2001-05-13 12:00:00.0
PB0742,TAX_SLAB_0,2001-05-13 12:00:00.0
PB0743,TAX_SLAB_0,2001-05-13 12:00:00.0
PB0744,TAX_SLAB_0,2001-05-13 12:00:00.0
PB0745,TAX_SLAB_0,2001-05-13 12:00:00.0
PB0746,TAX_SLAB_0,2001-05-13 12:00:00.0
PB0747,TAX_SLAB_0,2001-05-13 12:00:00.0
PB0748,TAX_SLAB_0,2001-05-13 12:00:00.0
PB0749,TAX_SLAB_0,2001-05-13 12:00:00.0
PB0750,TAX_SLAB_0,2001-05-13 12:00:00.0
PB0751,TAX_SLAB_18,2001-05-13 12:00:00.0
PB0752,TAX_SLAB_28,2001-05-13 12:00:00.0
PB0753,TAX_SLAB_18,2001-05-13 12:00:00.0
PB0754,TAX_SLAB_18,2001-05-13 12:00:00.0
PB0755,TAX_SLAB_18,2001-05-13 12:00:00.0
PB0756,TAX_SLAB_18,2001-05-13 12:00:00.0
PB0757,TAX_SLAB_18,2001-05-13 12:00:00.0
PB0758,TAX_SLAB_18,2001-05-13 12:00:00.0
PB0759,TAX_SLAB_18,2001-05-13 12:00:00.0
PB0760,TAX_SLAB_18,2001-05-13 12:00:00.0
PB0761,TAX_SLAB_18,2001-05-13 12:00:00.0
PB0762,TAX_SLAB_18,2001-05-13 12:00:00.0
PB0763,TAX_SLAB_18,2001-05-13 12:00:00.0
PB0764,TAX_SLAB_18,2001-05-13 12:00:00.0
PB0765,TAX_SLAB_12,2001-05-13 12:00:00.0
PB0766,TAX_SLAB_0,2001-05-13 12:00:00.0
PB0767,TAX_SLAB_18,2001-05-13 12:00:00.0
PB0768,TAX_SLAB_18,2001-05-13 12:00:00.0
PB0769,TAX_SLAB_18,2001-05-13 12:00:00.0
PB0770,TAX_SLAB_18,2001-05-13 12:00:00.0
PB0771,TAX_SLAB_18,2001-05-13 12:00:00.0
PB0772,TAX_SLAB_18,2001-05-13 12:00:00.0
PB0773,TAX_SLAB_18,2001-05-13 12:00:00.0
PB0774,TAX_SLAB_18,2001-05-13 12:00:00.0
PB0775,TAX_SLAB_18,2001-05-13 12:00:00.0
PB0776,TAX_SLAB_18,2001-05-13 12:00:00.0
PB0777,TAX_SLAB_18,2001-05-13 12:00:00.0
PB0778,TAX_SLAB_18,2001-05-13 12:00:00.0
PB0779,TAX_SLAB_18,2001-05-13 12:00:00.0
PB0780,TAX_SLAB_18,2001-05-13 12:00:00.0
PB0781,TAX_SLAB_18,2001-05-13 12:00:00.0
PB0782,TAX_SLAB_18,2001-05-13 12:00:00.0
PB0783,TAX_SLAB_18,2001-05-13 12:00:00.0
PB0784,TAX_SLAB_18,2001-05-13 12:00:00.0
PB0785,TAX_SLAB_5,2001-05-13 12:00:00.0
PB0786,TAX_SLAB_18,2001-05-13 12:00:00.0
PB0787,TAX_SLAB_18,2001-05-13 12:00:00.0
PB0788,TAX_SLAB_18,2001-05-13 12:00:00.0
PB0789,TAX_SLAB_18,2001-05-13 12:00:00.0
PB0790,TAX_SLAB_18,2001-05-13 12:00:00.0
PB0791,TAX_SLAB_18,2001-05-13 12:00:00.0
PB0792,TAX_SLAB_18,2001-05-13 12:00:00.0
PB0793,TAX_SLAB_18,2001-05-13 12:00:00.0
PB0794,TAX_SLAB_18,2001-05-13 12:00:00.0
PB0795,TAX_SLAB_18,2001-05-13 12:00:00.0
PB0796,TAX_SLAB_18,2001-05-13 12:00:00.0
PB0797,TAX_SLAB_18,2001-05-13 12:00:00.0
PB0798,TAX_SLAB_18,2001-05-13 12:00:00.0
PB0799,TAX_SLAB_18,2001-05-13 12:00:00.0
PB0800,TAX_SLAB_12,2001-05-13 12:00:00.0
PB0801,TAX_SLAB_18,2001-05-13 12:00:00.0
PB0802,TAX_SLAB_18,2001-05-13 12:00:00.0
PB0803,TAX_SLAB_18,2001-05-13 12:00:00.0
PB0804,TAX_SLAB_18,2001-05-13 12:00:00.0
PB0805,TAX_SLAB_18,2001-05-13 12:00:00.0
PB0806,TAX_SLAB_18,2001-05-13 12:00:00.0
PB0807,TAX_SLAB_18,2001-05-13 12:00:00.0
PB0808,TAX_SLAB_18,2001-05-13 12:00:00.0
PB0809,TAX_SLAB_18,2001-05-13 12:00:00.0
PB0810,TAX_SLAB_18,2001-05-13 12:00:00.0
PB0811,TAX_SLAB_18,2001-05-13 12:00:00.0
PB0812,TAX_SLAB_18,2001-05-13 12:00:00.0
PB0813,TAX_SLAB_18,2001-05-13 12:00:00.0
PB0814,TAX_SLAB_18,2001-05-13 12:00:00.0
PB0815,TAX_SLAB_18,2001-05-13 12:00:00.0
PB0816,TAX_SLAB_18,2001-05-13 12:00:00.0
PB0817,TAX_SLAB_18,2001-05-13 12:00:00.0
PB0818,TAX_SLAB_18,2001-05-13 12:00:00.0
PB0819,TAX_SLAB_12,2001-05-13 12:00:00.0
PB0820,TAX_SLAB_0,2001-05-13 12:00:00.0
PB0821,TAX_SLAB_0,2001-05-13 12:00:00.0
PB0822,TAX_SLAB_18,2001-05-13 12:00:00.0
PB0823,TAX_SLAB_0,2001-05-13 12:00:00.0
PB0824,TAX_SLAB_18,2001-05-13 12:00:00.0
PB0825,TAX_SLAB_18,2001-05-13 12:00:00.0
PB0826,TAX_SLAB_18,2001-05-13 12:00:00.0
PB0827,TAX_SLAB_18,2001-05-13 12:00:00.0
PB0828,TAX_SLAB_18,2001-05-13 12:00:00.0
PB0829,TAX_SLAB_18,2001-05-13 12:00:00.0
PB0830,TAX_SLAB_18,2001-05-13 12:00:00.0
PB0831,TAX_SLAB_18,2001-05-13 12:00:00.0
PB0832,TAX_SLAB_18,2001-05-13 12:00:00.0
PB0833,TAX_SLAB_18,2001-05-13 12:00:00.0
PB0834,TAX_SLAB_18,2001-05-13 12:00:00.0
PB0835,TAX_SLAB_18,2001-05-13 12:00:00.0
PB0836,TAX_SLAB_18,2001-05-13 12:00:00.0
PB0837,TAX_SLAB_18,2001-05-13 12:00:00.0
PB0838,TAX_SLAB_18,2001-05-13 12:00:00.0
PB0839,TAX_SLAB_18,2001-05-13 12:00:00.0
PB0840,TAX_SLAB_18,2001-05-13 12:00:00.0
PB0841,TAX_SLAB_18,2001-05-13 12:00:00.0
PB0842,TAX_SLAB_18,2001-05-13 12:00:00.0
PB0843,TAX_SLAB_18,2001-05-13 12:00:00.0
PB0844,TAX_SLAB_18,2001-05-13 12:00:00.0
PB0845,TAX_SLAB_18,2001-05-13 12:00:00.0
PB0846,TAX_SLAB_18,2001-05-13 12:00:00.0
PB0847,TAX_SLAB_18,2001-05-13 12:00:00.0
PB0848,TAX_SLAB_18,2001-05-13 12:00:00.0
PB0849,TAX_SLAB_18,2001-05-13 12:00:00.0
PB0850,TAX_SLAB_18,2001-05-13 12:00:00.0
PB0851,TAX_SLAB_18,2001-05-13 12:00:00.0
PB0852,TAX_SLAB_18,2001-05-13 12:00:00.0
PB0853,TAX_SLAB_18,2001-05-13 12:00:00.0
PB0854,TAX_SLAB_18,2001-05-13 12:00:00.0
PB0855,TAX_SLAB_18,2001-05-13 12:00:00.0
PB0856,TAX_SLAB_18,2001-05-13 12:00:00.0
PB0857,TAX_SLAB_18,2001-05-13 12:00:00.0
PB0858,TAX_SLAB_18,2001-05-13 12:00:00.0
PB0859,TAX_SLAB_18,2001-05-13 12:00:00.0
PB0860,TAX_SLAB_18,2001-05-13 12:00:00.0
PB0861,TAX_SLAB_12,2001-05-13 12:00:00.0
PB0862,TAX_SLAB_12,2001-05-13 12:00:00.0
PB0863,TAX_SLAB_12,2001-05-13 12:00:00.0
PB0864,TAX_SLAB_12,2001-05-13 12:00:00.0
PB0865,TAX_SLAB_18,2001-05-13 12:00:00.0
PB0866,TAX_SLAB_18,2001-05-13 12:00:00.0
PB0867,TAX_SLAB_18,2001-05-13 12:00:00.0
PB0868,TAX_SLAB_18,2001-05-13 12:00:00.0
PB0869,TAX_SLAB_18,2001-05-13 12:00:00.0
PB0870,TAX_SLAB_18,2001-05-13 12:00:00.0
PB0871,TAX_SLAB_18,2001-05-13 12:00:00.0
PB0872,TAX_SLAB_18,2001-05-13 12:00:00.0
PB0873,TAX_SLAB_18,2001-05-13 12:00:00.0
PB0874,TAX_SLAB_18,2001-05-13 12:00:00.0
PB0875,TAX_SLAB_18,2001-05-13 12:00:00.0
PB0876,TAX_SLAB_18,2001-05-13 12:00:00.0
PB0877,TAX_SLAB_18,2001-05-13 12:00:00.0
PB0878,TAX_SLAB_18,2001-05-13 12:00:00.0
PB0879,TAX_SLAB_0,2001-05-13 12:00:00.0
PB0880,TAX_SLAB_0,2001-05-13 12:00:00.0
PB0881,TAX_SLAB_18,2001-05-13 12:00:00.0
PB0882,TAX_SLAB_18,2001-05-13 12:00:00.0
PB0883,TAX_SLAB_18,2001-05-13 12:00:00.0
PB0884,TAX_SLAB_12,2001-05-13 12:00:00.0
PB0885,TAX_SLAB_12,2001-05-13 12:00:00.0
PB0886,TAX_SLAB_18,2001-05-13 12:00:00.0
PB0887,TAX_SLAB_18,2001-05-13 12:00:00.0
PB0888,TAX_SLAB_18,2001-05-13 12:00:00.0
PB0889,TAX_SLAB_18,2001-05-13 12:00:00.0
PB0890,TAX_SLAB_18,2001-05-13 12:00:00.0
PB0891,TAX_SLAB_18,2001-05-13 12:00:00.0
PB0892,TAX_SLAB_18,2001-05-13 12:00:00.0
PB0893,TAX_SLAB_18,2001-05-13 12:00:00.0
PB0894,TAX_SLAB_18,2001-05-13 12:00:00.0
PB0895,TAX_SLAB_0,2001-05-13 12:00:00.0
PB0896,TAX_SLAB_18,2001-05-13 12:00:00.0
PB0897,TAX_SLAB_18,2001-05-13 12:00:00.0
PB0898,TAX_SLAB_18,2001-05-13 12:00:00.0
PB0899,TAX_SLAB_18,2001-05-13 12:00:00.0
PB0900,TAX_SLAB_18,2001-05-13 12:00:00.0
PB0901,TAX_SLAB_18,2001-05-13 12:00:00.0
PB0902,TAX_SLAB_18,2001-05-13 12:00:00.0
PB0903,TAX_SLAB_12,2001-05-13 12:00:00.0
PB0904,TAX_SLAB_18,2001-05-13 12:00:00.0
PB0905,TAX_SLAB_18,2001-05-13 12:00:00.0
PB0906,TAX_SLAB_18,2001-05-13 12:00:00.0
PB0907,TAX_SLAB_18,2001-05-13 12:00:00.0
PB0908,TAX_SLAB_18,2001-05-13 12:00:00.0
PB0909,TAX_SLAB_18,2001-05-13 12:00:00.0
PB0910,TAX_SLAB_18,2001-05-13 12:00:00.0
PB0911,TAX_SLAB_18,2001-05-13 12:00:00.0
PB0912,TAX_SLAB_18,2001-05-13 12:00:00.0
PB0913,TAX_SLAB_12,2001-05-13 12:00:00.0
PB0914,TAX_SLAB_5,2001-05-13 12:00:00.0
PB0915,TAX_SLAB_18,2001-05-13 12:00:00.0
PB0916,TAX_SLAB_18,2001-05-13 12:00:00.0
PB0917,TAX_SLAB_18,2001-05-13 12:00:00.0
PB0918,TAX_SLAB_18,2001-05-13 12:00:00.0
PB0919,TAX_SLAB_5,2001-05-13 12:00:00.0
PB0920,TAX_SLAB_18,2001-05-13 12:00:00.0
PB0921,TAX_SLAB_5,2001-05-13 12:00:00.0
PB0922,TAX_SLAB_12,2001-05-13 12:00:00.0
PB0923,TAX_SLAB_18,2001-05-13 12:00:00.0
PB0924,TAX_SLAB_18,2001-05-13 12:00:00.0
PB0925,TAX_SLAB_12,2001-05-13 12:00:00.0
PB0926,TAX_SLAB_18,2001-05-13 12:00:00.0
PB0927,TAX_SLAB_18,2001-05-13 12:00:00.0
PB0928,TAX_SLAB_18,2001-05-13 12:00:00.0
PB0929,TAX_SLAB_18,2001-05-13 12:00:00.0
PB0930,TAX_SLAB_18,2001-05-13 12:00:00.0
PB0931,TAX_SLAB_18,2001-05-13 12:00:00.0
PB0932,TAX_SLAB_5,2001-05-13 12:00:00.0
PB0933,TAX_SLAB_5,2001-05-13 12:00:00.0
PB0934,TAX_SLAB_18,2001-05-13 12:00:00.0
PB0935,TAX_SLAB_18,2001-05-13 12:00:00.0
PB0936,TAX_SLAB_18,2001-05-13 12:00:00.0
PB0937,TAX_SLAB_18,2001-05-13 12:00:00.0
PB0938,TAX_SLAB_18,2001-05-13 12:00:00.0
PB0939,TAX_SLAB_18,2001-05-13 12:00:00.0
PB0940,TAX_SLAB_18,2001-05-13 12:00:00.0
PB0941,TAX_SLAB_18,2001-05-13 12:00:00.0
PB0942,TAX_SLAB_12,2001-05-13 12:00:00.0
PB0943,TAX_SLAB_18,2001-05-13 12:00:00.0
PB0944,TAX_SLAB_18,2001-05-13 12:00:00.0
PB0945,TAX_SLAB_18,2001-05-13 12:00:00.0
PB0946,TAX_SLAB_18,2001-05-13 12:00:00.0
PB0947,TAX_SLAB_18,2001-05-13 12:00:00.0
PB0948,TAX_SLAB_18,2001-05-13 12:00:00.0
PB0949,TAX_SLAB_18,2001-05-13 12:00:00.0
PB0950,TAX_SLAB_18,2001-05-13 12:00:00.0
PB0951,TAX_SLAB_18,2001-05-13 12:00:00.0
PB0952,TAX_SLAB_18,2001-05-13 12:00:00.0
PB0953,TAX_SLAB_18,2001-05-13 12:00:00.0
PB0954,TAX_SLAB_18,2001-05-13 12:00:00.0
PB0955,TAX_SLAB_18,2001-05-13 12:00:00.0
PB0956,TAX_SLAB_18,2001-05-13 12:00:00.0
PB0957,TAX_SLAB_18,2001-05-13 12:00:00.0
PB0958,TAX_SLAB_18,2001-05-13 12:00:00.0
PB0959,TAX_SLAB_18,2001-05-13 12:00:00.0
PB0960,TAX_SLAB_18,2001-05-13 12:00:00.0
PB0961,TAX_SLAB_18,2001-05-13 12:00:00.0
PB0962,TAX_SLAB_18,2001-05-13 12:00:00.0
PB0963,TAX_SLAB_18,2001-05-13 12:00:00.0
PB0964,TAX_SLAB_18,2001-05-13 12:00:00.0
PB0965,TAX_SLAB_18,2001-05-13 12:00:00.0
PB0966,TAX_SLAB_18,2001-05-13 12:00:00.0
PB0967,TAX_SLAB_18,2001-05-13 12:00:00.0
PB0968,TAX_SLAB_18,2001-05-13 12:00:00.0
PB0969,TAX_SLAB_18,2001-05-13 12:00:00.0
PB0970,TAX_SLAB_18,2001-05-13 12:00:00.0
PB0971,TAX_SLAB_18,2001-05-13 12:00:00.0
PB0972,TAX_SLAB_18,2001-05-13 12:00:00.0
PB0973,TAX_SLAB_18,2001-05-13 12:00:00.0
PB0974,TAX_SLAB_18,2001-05-13 12:00:00.0
PB0975,TAX_SLAB_18,2001-05-13 12:00:00.0
PB0976,TAX_SLAB_18,2001-05-13 12:00:00.0
PB0977,TAX_SLAB_18,2001-05-13 12:00:00.0
PB0978,TAX_SLAB_18,2001-05-13 12:00:00.0
PB0979,TAX_SLAB_18,2001-05-13 12:00:00.0
PB0980,TAX_SLAB_18,2001-05-13 12:00:00.0
PB0981,TAX_SLAB_18,2001-05-13 12:00:00.0
PB0982,TAX_SLAB_18,2001-05-13 12:00:00.0
PB0983,TAX_SLAB_18,2001-05-13 12:00:00.0
PB0984,TAX_SLAB_18,2001-05-13 12:00:00.0
PB0985,TAX_SLAB_18,2001-05-13 12:00:00.0
PB0986,TAX_SLAB_18,2001-05-13 12:00:00.0
PB0987,TAX_SLAB_0,2001-05-13 12:00:00.0
PB0988,TAX_SLAB_18,2001-05-13 12:00:00.0
PB0989,TAX_SLAB_18,2001-05-13 12:00:00.0
PB0990,TAX_SLAB_18,2001-05-13 12:00:00.0
PB0991,TAX_SLAB_18,2001-05-13 12:00:00.0
PB0992,TAX_SLAB_18,2001-05-13 12:00:00.0
PB0993,TAX_SLAB_18,2001-05-13 12:00:00.0
PB0994,TAX_SLAB_18,2001-05-13 12:00:00.0
PB0995,TAX_SLAB_18,2001-05-13 12:00:00.0
PB0996,TAX_SLAB_0,2001-05-13 12:00:00.0
PB0997,TAX_SLAB_12,2001-05-13 12:00:00.0
PB0998,TAX_SLAB_18,2001-05-13 12:00:00.0
PB0999,TAX_SLAB_18,2001-05-13 12:00:00.0
PB1000,TAX_SLAB_18,2001-05-13 12:00:00.0
PB1001,TAX_SLAB_18,2001-05-13 12:00:00.0
PB1002,TAX_SLAB_18,2001-05-13 12:00:00.0
PB1003,TAX_SLAB_18,2001-05-13 12:00:00.0
PB1004,TAX_SLAB_12,2001-05-13 12:00:00.0
PB1005,TAX_SLAB_18,2001-05-13 12:00:00.0
PB1006,TAX_SLAB_18,2001-05-13 12:00:00.0
PB1007,TAX_SLAB_18,2001-05-13 12:00:00.0
PB1008,TAX_SLAB_18,2001-05-13 12:00:00.0
PB1009,TAX_SLAB_18,2001-05-13 12:00:00.0
PB1010,TAX_SLAB_18,2001-05-13 12:00:00.0
PB1011,TAX_SLAB_18,2001-05-13 12:00:00.0
PB1012,TAX_SLAB_18,2001-05-13 12:00:00.0
PB1013,TAX_SLAB_18,2001-05-13 12:00:00.0
PB1014,TAX_SLAB_18,2001-05-13 12:00:00.0
PB1015,TAX_SLAB_18,2001-05-13 12:00:00.0
PB1016,TAX_SLAB_18,2001-05-13 12:00:00.0
PB1017,TAX_SLAB_18,2001-05-13 12:00:00.0
PB1018,TAX_SLAB_18,2001-05-13 12:00:00.0
PB1019,TAX_SLAB_18,2001-05-13 12:00:00.0
PB1020,TAX_SLAB_18,2001-05-13 12:00:00.0
PB1021,TAX_SLAB_18,2001-05-13 12:00:00.0
PB1022,TAX_SLAB_18,2001-05-13 12:00:00.0
PB1023,TAX_SLAB_18,2001-05-13 12:00:00.0
PB1024,TAX_SLAB_18,2001-05-13 12:00:00.0
PB1025,TAX_SLAB_18,2001-05-13 12:00:00.0
PB1026,other,2001-05-13 12:00:00.0
PB1027,other,2001-05-13 12:00:00.0
PB1028,TAX_SLAB_18,2001-05-13 12:00:00.0
PB1029,TAX_SLAB_18,2001-05-13 12:00:00.0
PB1030,TAX_SLAB_18,2001-05-13 12:00:00.0
PB1031,TAX_SLAB_18,2001-05-13 12:00:00.0
PB1032,TAX_SLAB_18,2001-05-13 12:00:00.0
PB1033,TAX_SLAB_18,2001-05-13 12:00:00.0
PB1034,TAX_SLAB_18,2001-05-13 12:00:00.0
PB1035,TAX_SLAB_18,2001-05-13 12:00:00.0
PB1036,TAX_SLAB_12,2001-05-13 12:00:00.0
PB1037,TAX_SLAB_0,2001-05-13 12:00:00.0
PB1038,TAX_SLAB_18,2001-05-13 12:00:00.0
PB1039,TAX_SLAB_18,2001-05-13 12:00:00.0
PB1040,TAX_SLAB_18,2001-05-13 12:00:00.0
PB1041,TAX_SLAB_18,2001-05-13 12:00:00.0
PB1042,TAX_SLAB_18,2001-05-13 12:00:00.0
PB1043,TAX_SLAB_18,2001-05-13 12:00:00.0
PB1044,TAX_SLAB_12,2001-05-13 12:00:00.0
PB1045,TAX_SLAB_18,2001-05-13 12:00:00.0
PB1046,TAX_SLAB_18,2001-05-13 12:00:00.0
PB1047,TAX_SLAB_18,2001-05-13 12:00:00.0
PB1048,TAX_SLAB_18,2001-05-13 12:00:00.0
PB1049,TAX_SLAB_18,2001-05-13 12:00:00.0
PB1050,TAX_SLAB_18,2001-05-13 12:00:00.0
PB1051,TAX_SLAB_18,2001-05-13 12:00:00.0
PB1052,TAX_SLAB_18,2001-05-13 12:00:00.0
PB1053,TAX_SLAB_18,2001-05-13 12:00:00.0
PB1054,TAX_SLAB_18,2001-05-13 12:00:00.0
PB1055,TAX_SLAB_18,2001-05-13 12:00:00.0
PB1056,TAX_SLAB_18,2001-05-13 12:00:00.0
PB1057,TAX_SLAB_12,2001-05-13 12:00:00.0
PB1058,TAX_SLAB_12,2001-05-13 12:00:00.0
PB1059,TAX_SLAB_12,2001-05-13 12:00:00.0
PB1060,TAX_SLAB_12,2001-05-13 12:00:00.0
PB1061,TAX_SLAB_12,2001-05-13 12:00:00.0
PB1062,TAX_SLAB_12,2001-05-13 12:00:00.0
PB1063,TAX_SLAB_18,2001-05-13 12:00:00.0
PB1064,TAX_SLAB_12,2001-05-13 12:00:00.0
PB1065,TAX_SLAB_18,2001-05-13 12:00:00.0
PB1066,TAX_SLAB_18,2001-05-13 12:00:00.0
PB1067,TAX_SLAB_18,2001-05-13 12:00:00.0
PB1068,TAX_SLAB_18,2001-05-13 12:00:00.0
PB1069,TAX_SLAB_18,2001-05-13 12:00:00.0
PB1070,TAX_SLAB_18,2001-05-13 12:00:00.0
PB1071,TAX_SLAB_18,2001-05-13 12:00:00.0
PB1072,TAX_SLAB_18,2001-05-13 12:00:00.0
PB1073,TAX_SLAB_18,2001-05-13 12:00:00.0
PB1074,TAX_SLAB_18,2001-05-13 12:00:00.0
PB1075,TAX_SLAB_18,2001-05-13 12:00:00.0
PB1076,TAX_SLAB_12,2001-05-13 12:00:00.0
PB1077,TAX_SLAB_5,2001-05-13 12:00:00.0
PB1078,TAX_SLAB_18,2001-05-13 12:00:00.0
PB1079,TAX_SLAB_18,2001-05-13 12:00:00.0
PB1080,TAX_SLAB_18,2001-05-13 12:00:00.0
PB1081,TAX_SLAB_18,2001-05-13 12:00:00.0
PB1082,TAX_SLAB_18,2001-05-13 12:00:00.0
PB1083,TAX_SLAB_18,2001-05-13 12:00:00.0
PB1084,TAX_SLAB_18,2001-05-13 12:00:00.0
PB1085,TAX_SLAB_18,2001-05-13 12:00:00.0
PB1086,TAX_SLAB_18,2001-05-13 12:00:00.0
PB1087,TAX_SLAB_18,2001-05-13 12:00:00.0
PB1088,TAX_SLAB_18,2001-05-13 12:00:00.0
PB1089,TAX_SLAB_18,2001-05-13 12:00:00.0
PB1090,TAX_SLAB_18,2001-05-13 12:00:00.0
PB1091,TAX_SLAB_18,2001-05-13 12:00:00.0
PB1092,TAX_SLAB_18,2001-05-13 12:00:00.0
PB1093,TAX_SLAB_18,2001-05-13 12:00:00.0
PB1094,TAX_SLAB_18,2001-05-13 12:00:00.0
PB1095,TAX_SLAB_18,2001-05-13 12:00:00.0
PB1096,TAX_SLAB_18,2001-05-13 12:00:00.0
PB1097,TAX_SLAB_18,2001-05-13 12:00:00.0
PB1098,TAX_SLAB_18,2001-05-13 12:00:00.0
PB1099,TAX_SLAB_18,2001-05-13 12:00:00.0
PB1100,TAX_SLAB_18,2001-05-13 12:00:00.0
PB1101,TAX_SLAB_5,2001-05-13 12:00:00.0
PB1102,TAX_SLAB_0,2001-05-13 12:00:00.0
PB1103,TAX_SLAB_0,2001-05-13 12:00:00.0
PB1104,TAX_SLAB_0,2001-05-13 12:00:00.0
PB1105,TAX_SLAB_0,2001-05-13 12:00:00.0
PB1106,TAX_SLAB_0,2001-05-13 12:00:00.0
PB1107,TAX_SLAB_0,2001-05-13 12:00:00.0
PB1108,TAX_SLAB_0,2001-05-13 12:00:00.0
PB1109,TAX_SLAB_0,2001-05-13 12:00:00.0
PB1110,TAX_SLAB_0,2001-05-13 12:00:00.0
PB1111,TAX_SLAB_0,2001-05-13 12:00:00.0
PB1112,TAX_SLAB_0,2001-05-13 12:00:00.0
PB1113,TAX_SLAB_0,2001-05-13 12:00:00.0
PB1114,TAX_SLAB_18,2001-05-13 12:00:00.0
PB1115,TAX_SLAB_0,2001-05-13 12:00:00.0
PB1116,TAX_SLAB_0,2001-05-13 12:00:00.0
PB1117,TAX_SLAB_18,2001-05-13 12:00:00.0
PB1118,TAX_SLAB_18,2001-05-13 12:00:00.0
PB1119,TAX_SLAB_18,2001-05-13 12:00:00.0
PB1120,TAX_SLAB_18,2001-05-13 12:00:00.0
PB1121,TAX_SLAB_18,2001-05-13 12:00:00.0
PB1122,TAX_SLAB_18,2001-05-13 12:00:00.0
PB1123,TAX_SLAB_5,2001-05-13 12:00:00.0
PB1124,TAX_SLAB_12,2001-05-13 12:00:00.0
PB1125,TAX_SLAB_0,2001-05-13 12:00:00.0
PB1126,TAX_SLAB_18,2001-05-13 12:00:00.0
PB1127,TAX_SLAB_18,2001-05-13 12:00:00.0
PB1128,TAX_SLAB_18,2001-05-13 12:00:00.0
PB1129,TAX_SLAB_5,2001-05-13 12:00:00.0
PB1130,TAX_SLAB_12,2001-05-13 12:00:00.0
PB1131,TAX_SLAB_18,2001-05-13 12:00:00.0
PB1132,TAX_SLAB_18,2001-05-13 12:00:00.0
PB1133,TAX_SLAB_18,2001-05-13 12:00:00.0
PB1134,TAX_SLAB_18,2001-05-13 12:00:00.0
PB1135,TAX_SLAB_18,2001-05-13 12:00:00.0
PB1136,TAX_SLAB_18,2001-05-13 12:00:00.0
PB1137,TAX_SLAB_18,2001-05-13 12:00:00.0
PB1138,TAX_SLAB_18,2001-05-13 12:00:00.0
PB1139,TAX_SLAB_18,2001-05-13 12:00:00.0
PB1140,other,2001-05-13 12:00:00.0
PB1141,TAX_SLAB_18,2001-05-13 12:00:00.0
PB1142,TAX_SLAB_18,2001-05-13 12:00:00.0
PB1143,TAX_SLAB_18,2001-05-13 12:00:00.0
PB1144,TAX_SLAB_18,2001-05-13 12:00:00.0
PB1145,TAX_SLAB_18,2001-05-13 12:00:00.0
PB1146,TAX_SLAB_18,2001-05-13 12:00:00.0
PB1147,TAX_SLAB_12,2001-05-13 12:00:00.0
PB1148,TAX_SLAB_18,2001-05-13 12:00:00.0
PB1149,TAX_SLAB_18,2001-05-13 12:00:00.0
PB1150,TAX_SLAB_18,2001-05-13 12:00:00.0
PB1151,TAX_SLAB_18,2001-05-13 12:00:00.0
PB1152,TAX_SLAB_18,2001-05-13 12:00:00.0
PB1153,TAX_SLAB_18,2001-05-13 12:00:00.0
PB1154,TAX_SLAB_18,2001-05-13 12:00:00.0
PB1155,TAX_SLAB_18,2001-05-13 12:00:00.0
PB1156,TAX_SLAB_18,2001-05-13 12:00:00.0
PB1157,TAX_SLAB_18,2001-05-13 12:00:00.0
PB1158,TAX_SLAB_18,2001-05-13 12:00:00.0
PB1159,TAX_SLAB_18,2001-05-13 12:00:00.0
PB1160,TAX_SLAB_18,2001-05-13 12:00:00.0
PB1161,TAX_SLAB_18,2001-05-13 12:00:00.0
PB1162,TAX_SLAB_18,2001-05-13 12:00:00.0
PB1163,TAX_SLAB_12,2001-05-13 12:00:00.0
PB1164,TAX_SLAB_18,2001-05-13 12:00:00.0
PB1165,TAX_SLAB_12,2001-05-13 12:00:00.0
PB1166,TAX_SLAB_18,2001-05-13 12:00:00.0
PB1167,TAX_SLAB_18,2001-05-13 12:00:00.0
PB1168,TAX_SLAB_18,2001-05-13 12:00:00.0
PB1169,TAX_SLAB_18,2001-05-13 12:00:00.0
PB1170,TAX_SLAB_18,2001-05-13 12:00:00.0
PB1171,TAX_SLAB_18,2001-05-13 12:00:00.0
PB1172,TAX_SLAB_5,2001-05-13 12:00:00.0
PB1173,TAX_SLAB_18,2001-05-13 12:00:00.0
PB1174,TAX_SLAB_18,2001-05-13 12:00:00.0
PB1175,TAX_SLAB_18,2001-05-13 12:00:00.0
PB1176,TAX_SLAB_18,2001-05-13 12:00:00.0
PB1177,TAX_SLAB_18,2001-05-13 12:00:00.0
PB1178,TAX_SLAB_18,2001-05-13 12:00:00.0
PB1179,TAX_SLAB_18,2001-05-13 12:00:00.0
PB1180,TAX_SLAB_18,2001-05-13 12:00:00.0
PB1181,TAX_SLAB_18,2001-05-13 12:00:00.0
PB1182,TAX_SLAB_18,2001-05-13 12:00:00.0
PB1183,TAX_SLAB_18,2001-05-13 12:00:00.0
PB1184,TAX_SLAB_18,2001-05-13 12:00:00.0
PB1185,TAX_SLAB_18,2001-05-13 12:00:00.0
PB1186,TAX_SLAB_5,2001-05-13 12:00:00.0
PB1187,TAX_SLAB_12,2001-05-13 12:00:00.0
PB1188,TAX_SLAB_12,2001-05-13 12:00:00.0
PB1189,TAX_SLAB_18,2001-05-13 12:00:00.0
PB1190,TAX_SLAB_12,2001-05-13 12:00:00.0
PB1191,TAX_SLAB_18,2001-05-13 12:00:00.0
PB1192,TAX_SLAB_18,2001-05-13 12:00:00.0
PB1193,TAX_SLAB_18,2001-05-13 12:00:00.0
PB1194,TAX_SLAB_18,2001-05-13 12:00:00.0
PB1195,TAX_SLAB_18,2001-05-13 12:00:00.0
PB1196,TAX_SLAB_18,2001-05-13 12:00:00.0
PB1197,TAX_SLAB_18,2001-05-13 12:00:00.0
PB1198,TAX_SLAB_18,2001-05-13 12:00:00.0
PB1199,TAX_SLAB_18,2001-05-13 12:00:00.0
PB1200,TAX_SLAB_18,2001-05-13 12:00:00.0
PB1201,TAX_SLAB_18,2001-05-13 12:00:00.0
PB1202,TAX_SLAB_18,2001-05-13 12:00:00.0
PB1203,TAX_SLAB_18,2001-05-13 12:00:00.0
PB1204,TAX_SLAB_18,2001-05-13 12:00:00.0
PB1205,TAX_SLAB_18,2001-05-13 12:00:00.0
PB1206,TAX_SLAB_18,2001-05-13 12:00:00.0
PB1207,TAX_SLAB_18,2001-05-13 12:00:00.0
PB1208,TAX_SLAB_18,2001-05-13 12:00:00.0
PB1209,TAX_SLAB_18,2001-05-13 12:00:00.0
PB1210,TAX_SLAB_18,2001-05-13 12:00:00.0
PB1211,TAX_SLAB_18,2001-05-13 12:00:00.0
PB1212,TAX_SLAB_18,2001-05-13 12:00:00.0
PB1213,TAX_SLAB_18,2001-05-13 12:00:00.0
PB1214,TAX_SLAB_18,2001-05-13 12:00:00.0
PB1215,TAX_SLAB_18,2001-05-13 12:00:00.0
PB1216,TAX_SLAB_18,2001-05-13 12:00:00.0
PB1217,TAX_SLAB_18,2001-05-13 12:00:00.0
PB1218,TAX_SLAB_18,2001-05-13 12:00:00.0
PB1219,TAX_SLAB_0,2001-05-13 12:00:00.0
PB1220,TAX_SLAB_18,2001-05-13 12:00:00.0
PB1221,TAX_SLAB_18,2001-05-13 12:00:00.0
PB1222,TAX_SLAB_18,2001-05-13 12:00:00.0
PB1223,TAX_SLAB_18,2001-05-13 12:00:00.0
PB1224,TAX_SLAB_18,2001-05-13 12:00:00.0
PB1225,TAX_SLAB_18,2001-05-13 12:00:00.0
PB1226,TAX_SLAB_18,2001-05-13 12:00:00.0
PB1227,TAX_SLAB_18,2001-05-13 12:00:00.0
PB1228,TAX_SLAB_18,2001-05-13 12:00:00.0
PB1229,TAX_SLAB_18,2001-05-13 12:00:00.0
PB1230,TAX_SLAB_18,2001-05-13 12:00:00.0
PB1231,TAX_SLAB_18,2001-05-13 12:00:00.0
PB1232,TAX_SLAB_18,2001-05-13 12:00:00.0
PB1233,TAX_SLAB_12,2001-05-13 12:00:00.0
PB1234,TAX_SLAB_12,2001-05-13 12:00:00.0
PB1235,TAX_SLAB_18,2001-05-13 12:00:00.0
PB1236,TAX_SLAB_18,2001-05-13 12:00:00.0
PB1237,TAX_SLAB_18,2001-05-13 12:00:00.0
PB1238,TAX_SLAB_12,2001-05-13 12:00:00.0
PB1239,TAX_SLAB_18,2001-05-13 12:00:00.0
PB1240,TAX_SLAB_18,2001-05-13 12:00:00.0
PB1241,TAX_SLAB_18,2001-05-13 12:00:00.0
PB1242,TAX_SLAB_18,2001-05-13 12:00:00.0
PB1243,TAX_SLAB_18,2001-05-13 12:00:00.0
PB1244,TAX_SLAB_18,2001-05-13 12:00:00.0
PB1245,TAX_SLAB_18,2001-05-13 12:00:00.0
PB1246,TAX_SLAB_18,2001-05-13 12:00:00.0
PB1247,TAX_SLAB_18,2001-05-13 12:00:00.0
PB1248,TAX_SLAB_18,2001-05-13 12:00:00.0
PB1249,TAX_SLAB_18,2001-05-13 12:00:00.0
PB1250,TAX_SLAB_18,2001-05-13 12:00:00.0
PB1251,TAX_SLAB_18,2001-05-13 12:00:00.0
PB1252,TAX_SLAB_18,2001-05-13 12:00:00.0
PB1253,TAX_SLAB_18,2001-05-13 12:00:00.0
PB1254,TAX_SLAB_18,2001-05-13 12:00:00.0
PB1255,TAX_SLAB_18,2001-05-13 12:00:00.0
PB1256,TAX_SLAB_18,2001-05-13 12:00:00.0
PB1257,TAX_SLAB_18,2001-05-13 12:00:00.0
PB1258,TAX_SLAB_18,2001-05-13 12:00:00.0
PB1259,TAX_SLAB_18,2001-05-13 12:00:00.0
PB1260,TAX_SLAB_18,2001-05-13 12:00:00.0
PB1261,TAX_SLAB_18,2001-05-13 12:00:00.0
PB1262,TAX_SLAB_12,2001-05-13 12:00:00.0
PB1263,TAX_SLAB_18,2001-05-13 12:00:00.0
PB1264,TAX_SLAB_12,2001-05-13 12:00:00.0
PB1265,TAX_SLAB_12,2001-05-13 12:00:00.0
PB1266,TAX_SLAB_18,2001-05-13 12:00:00.0
PB1267,TAX_SLAB_18,2001-05-13 12:00:00.0
PB1268,TAX_SLAB_18,2001-05-13 12:00:00.0
PB1269,TAX_SLAB_18,2001-05-13 12:00:00.0
PB1270,TAX_SLAB_18,2001-05-13 12:00:00.0
PB1271,TAX_SLAB_18,2001-05-13 12:00:00.0
PB1272,TAX_SLAB_18,2001-05-13 12:00:00.0
PB1273,TAX_SLAB_18,2001-05-13 12:00:00.0
PB1274,TAX_SLAB_18,2001-05-13 12:00:00.0
PB1275,TAX_SLAB_18,2001-05-13 12:00:00.0
PB1276,TAX_SLAB_18,2001-05-13 12:00:00.0
PB1277,TAX_SLAB_18,2001-05-13 12:00:00.0
PB1278,TAX_SLAB_18,2001-05-13 12:00:00.0
PB1279,TAX_SLAB_18,2001-05-13 12:00:00.0
PB1280,TAX_SLAB_18,2001-05-13 12:00:00.0
PB1281,TAX_SLAB_18,2001-05-13 12:00:00.0
PB1282,TAX_SLAB_18,2001-05-13 12:00:00.0
PB1283,TAX_SLAB_18,2001-05-13 12:00:00.0
PB1284,TAX_SLAB_18,2001-05-13 12:00:00.0
PB1285,TAX_SLAB_12,2001-05-13 12:00:00.0
PB1286,TAX_SLAB_0,2001-05-13 12:00:00.0